﻿<?xml version="1.0" encoding="utf-8" ?>
<!--TODO: The Deliverable WIT is not checked in. This categories file must be checked in with the Deliverable WIT for proper functionality. -->


<cat:CATEGORIES xmlns:cat="http://schemas.microsoft.com/VisualStudio/2008/workitemtracking/categories">
<!-- Category names are not localized and are therefore not tokenized-->
	<!-- WIT names are localized and are therefore tokenized-->
	

  
  <!-- Categories introduced by TeamTest -->
  <!-- Usage: for resilience in Test system. Even if WITs have different name, they can be referred to by the category -->
  <CATEGORY name="Bug Category" refname="Microsoft.BugCategory">
    <DEFAULTWORKITEMTYPE name="Bug"/>
  </CATEGORY>

  <CATEGORY name="Requirement Category" refname="Microsoft.RequirementCategory">
    <DEFAULTWORKITEMTYPE name="Scenario"/>
    <WORKITEMTYPE name="Quality of Service Requirement"/>
  </CATEGORY>
  
  <CATEGORY name="Test Case Category" refname="Microsoft.TestCaseCategory">
    <DEFAULTWORKITEMTYPE name="Test Case"/>
  </CATEGORY>
  
  <CATEGORY name="Shared Step Category" refname="Microsoft.SharedStepCategory">
    <DEFAULTWORKITEMTYPE name="Shared Steps"/>
  </CATEGORY>
  
</cat:CATEGORIES>
