﻿<?xml version="1.0" encoding="utf-8"?>
<witd:WITD application="Work item type editor" version="1.0" xmlns:witd="http://schemas.microsoft.com/VisualStudio/2008/workitemtracking/typedef">
  <WORKITEMTYPE name="Shared Steps">
    <DESCRIPTION>Server-side data for reusable set of test steps.</DESCRIPTION>
    <FIELDS>
      <FIELD name="Title" refname="System.Title" type="String" reportable="dimension">
        <HELPTEXT>Short description of the shared step used to differentiate it in a list or report</HELPTEXT>
        <REQUIRED />
      </FIELD>
      <FIELD name="State" refname="System.State" type="String" reportable="dimension">
        <HELPTEXT>The workflow state of the shared step</HELPTEXT>
      </FIELD>
      <FIELD name="Rev" refname="System.Rev" type="Integer" reportable="dimension" />
      <FIELD name="Rank" refname="Microsoft.VSTS.Common.Rank" type="String" reportable="dimension" />
      <FIELD name="Changed By" refname="System.ChangedBy" type="String" syncnamechanges="true" reportable="dimension">
        <VALIDUSER />
        <ALLOWEXISTINGVALUE />
      </FIELD>
      <FIELD name="Issue" refname="Microsoft.VSTS.Common.Issue" type="String" reportable="dimension">
        <HELPTEXT>Used to highlight the shared step, e.g., to mark it as an issue</HELPTEXT>
        <REQUIRED />
        <ALLOWEDVALUES expanditems="true">
          <LISTITEM value="Yes" />
          <LISTITEM value="No" />
        </ALLOWEDVALUES>
        <DEFAULT from="value" value="No" />
      </FIELD>
      <FIELD name="State Change Date" refname="Microsoft.VSTS.Common.StateChangeDate" type="DateTime">
        <WHENCHANGED field="System.State">
          <SERVERDEFAULT from="clock" />
        </WHENCHANGED>
        <WHENNOTCHANGED field="System.State">
          <READONLY />
        </WHENNOTCHANGED>
      </FIELD>
      <FIELD name="Activated Date" refname="Microsoft.VSTS.Common.ActivatedDate" type="DateTime" reportable="dimension">
        <WHENNOTCHANGED field="System.State">
          <READONLY />
        </WHENNOTCHANGED>
      </FIELD>
      <FIELD name="Activated By" refname="Microsoft.VSTS.Common.ActivatedBy" type="String" syncnamechanges="true" reportable="dimension">
        <WHENNOTCHANGED field="System.State">
          <READONLY />
        </WHENNOTCHANGED>
        <ALLOWEXISTINGVALUE />
      </FIELD>
      <FIELD name="Reason" refname="System.Reason" type="String" reportable="dimension">
        <HELPTEXT>The reason why the shared step is in the current state</HELPTEXT>
      </FIELD>
      <FIELD name="Iteration Path" refname="System.IterationPath" type="TreePath" reportable="dimension">
        <HELPTEXT>The iteration of the product with which this shared step is associated</HELPTEXT>
      </FIELD>
      <FIELD name="IterationID" refname="System.IterationId" type="Integer" />
      <FIELD name="Assigned To" refname="System.AssignedTo" type="String" syncnamechanges="true" reportable="dimension">
        <VALIDUSER />
      </FIELD>
      <FIELD name="Work Item Type" refname="System.WorkItemType" type="String" reportable="dimension" />
      <FIELD name="Closed Date" refname="Microsoft.VSTS.Common.ClosedDate" type="DateTime" reportable="dimension">
        <WHENNOTCHANGED field="System.State">
          <READONLY />
        </WHENNOTCHANGED>
      </FIELD>
      <FIELD name="Closed By" refname="Microsoft.VSTS.Common.ClosedBy" type="String" syncnamechanges="true" reportable="dimension">
        <WHENNOTCHANGED field="System.State">
          <READONLY />
        </WHENNOTCHANGED>
        <ALLOWEXISTINGVALUE />
      </FIELD>
      <FIELD name="Priority" refname="Microsoft.VSTS.Common.Priority" type="Integer" reportable="dimension">
        <HELPTEXT>Priority to the business</HELPTEXT>
        <ALLOWEDVALUES expanditems="true">
          <LISTITEM value="1" />
          <LISTITEM value="2" />
          <LISTITEM value="3" />
          <LISTITEM value="4" />
        </ALLOWEDVALUES>
        <DEFAULT from="value" value="2" />
      </FIELD>
      <FIELD name="Created Date" refname="System.CreatedDate" type="DateTime" reportable="dimension" />
      <FIELD name="Created By" refname="System.CreatedBy" type="String" syncnamechanges="true" reportable="dimension" />
      <FIELD name="Steps" refname="Microsoft.VSTS.TCM.Steps" type="HTML">
        <HELPTEXT>Steps required to perform the test</HELPTEXT>
      </FIELD>
      <FIELD name="Description" refname="System.Description" type="PlainText" />
      <FIELD name="History" refname="System.History" type="History">
        <HELPTEXT>Discussion thread and other historical information</HELPTEXT>
      </FIELD>
      <FIELD name="ExternalLinkCount" refname="System.ExternalLinkCount" type="Integer" />
      <FIELD name="RelatedLinkCount" refname="System.RelatedLinkCount" type="Integer" />
      <FIELD name="Team Project" refname="System.TeamProject" type="String" reportable="dimension" />
      <FIELD name="HyperLinkCount" refname="System.HyperLinkCount" type="Integer" />
      <FIELD name="AttachedFileCount" refname="System.AttachedFileCount" type="Integer" />
      <FIELD name="Node Name" refname="System.NodeName" type="String" />
      <FIELD name="Area Path" refname="System.AreaPath" type="TreePath" reportable="dimension">
        <HELPTEXT>The area of the product with which this shared step is associated</HELPTEXT>
      </FIELD>
      <FIELD name="Revised Date" refname="System.RevisedDate" type="DateTime" reportable="detail" />
      <FIELD name="Changed Date" refname="System.ChangedDate" type="DateTime" reportable="dimension" />
      <FIELD name="ID" refname="System.Id" type="Integer" reportable="dimension" />
      <FIELD name="AreaID" refname="System.AreaId" type="Integer" />
      <FIELD name="Authorized As" refname="System.AuthorizedAs" type="String" />
      <FIELD name="Parameters" refname="Microsoft.VSTS.TCM.Parameters" type="HTML" />
      <!-- **************** Team Build Integration Fields **************  -->
      <FIELD name="Integration Build" refname="Microsoft.VSTS.Build.IntegrationBuild" type="String" reportable="dimension">
        <HELPTEXT>The build in which the bug was fixed</HELPTEXT>
        <SUGGESTEDVALUES>
          <LISTITEM value="&lt;None&gt;" />
        </SUGGESTEDVALUES>
      </FIELD>
    </FIELDS>
    <WORKFLOW>
      <STATES>
        <STATE value="Active">
          <FIELDS>
            <FIELD refname="Microsoft.VSTS.Common.ClosedDate">
              <EMPTY />
            </FIELD>
            <FIELD refname="Microsoft.VSTS.Common.ClosedBy">
              <EMPTY />
            </FIELD>
          </FIELDS>
        </STATE>
        <STATE value="Closed" />
      </STATES>
      <TRANSITIONS>
        <TRANSITION from="" to="Active">
          <REASONS>
            <DEFAULTREASON value="New" />
          </REASONS>
          <FIELDS>
            <FIELD refname="Microsoft.VSTS.Common.ActivatedBy">
              <COPY from="currentuser" />
              <VALIDUSER />
              <REQUIRED />
            </FIELD>
            <FIELD refname="Microsoft.VSTS.Common.ActivatedDate">
              <SERVERDEFAULT from="clock" />
            </FIELD>
            <FIELD refname="System.AssignedTo">
              <DEFAULT from="currentuser" />
            </FIELD>
          </FIELDS>
        </TRANSITION>
        <TRANSITION from="Active" to="Closed">
          <REASONS>
            <DEFAULTREASON value="Obsolete" />
            <REASON value="Deferred" />
            <REASON value="Duplicate" />
          </REASONS>
          <FIELDS>
            <FIELD refname="Microsoft.VSTS.Common.ActivatedDate">
              <READONLY />
            </FIELD>
            <FIELD refname="Microsoft.VSTS.Common.ActivatedBy">
              <READONLY />
            </FIELD>
            <FIELD refname="Microsoft.VSTS.Common.ClosedDate">
              <SERVERDEFAULT from="clock" />
            </FIELD>
            <FIELD refname="Microsoft.VSTS.Common.ClosedBy">
              <COPY from="currentuser" />
              <VALIDUSER />
              <REQUIRED />
            </FIELD>
          </FIELDS>
        </TRANSITION>
        <TRANSITION from="Closed" to="Active">
          <REASONS>
            <DEFAULTREASON value="Reactivated" />
          </REASONS>
          <FIELDS>
            <FIELD refname="Microsoft.VSTS.Common.ActivatedBy">
              <COPY from="currentuser" />
              <VALIDUSER />
              <REQUIRED />
            </FIELD>
            <FIELD refname="Microsoft.VSTS.Common.ActivatedDate">
              <SERVERDEFAULT from="clock" />
            </FIELD>
          </FIELDS>
        </TRANSITION>
      </TRANSITIONS>
    </WORKFLOW>
    <FORM>
      <Layout>
        <Group>
          <Column PercentWidth="100">
            <Control FieldName="System.Title" Type="FieldControl" Label="&amp;Title:" LabelPosition="Left" />
          </Column>
        </Group>
        <Group>
          <Column PercentWidth="50">
            <Group Label="Status">
              <Column PercentWidth="100">
                <Control FieldName="System.AssignedTo" Type="FieldControl" Label="Assi&amp;gned To:" LabelPosition="Left" />
                <Control FieldName="System.State" Type="FieldControl" Label="&amp;State:" LabelPosition="Left" />
                <Control FieldName="Microsoft.VSTS.Common.Priority" Type="FieldControl" Label="&amp;Priority:" LabelPosition="Left" />
              </Column>
            </Group>
          </Column>
          <Column PercentWidth="50">
            <Group Label="Classification">
              <Column PercentWidth="100">
                <Control FieldName="System.AreaPath" Type="WorkItemClassificationControl" Label="&amp;Area:" LabelPosition="Left" />
                <Control FieldName="System.IterationPath" Type="WorkItemClassificationControl" Label="&amp;Iteration:" LabelPosition="Left" />
              </Column>
            </Group>
          </Column>
        </Group>
        <TabGroup>
          <Tab Label="Steps">
            <Control FieldName="Microsoft.VSTS.TCM.Steps" Type="TestStepsControl" LabelPosition="Top" Dock="Fill" />
          </Tab>
          <Tab Label="Summary">
            <Group>
              <Column PercentWidth="50">
                <Control FieldName="System.Description" Type="HtmlFieldControl" Label="Des&amp;cription:" LabelPosition="Top" />
              </Column>
              <Column PercentWidth="50">
                <Control FieldName="System.History" Type="WorkItemLogControl" Label="&amp;History:" LabelPosition="Top"/>
              </Column>
            </Group>
          </Tab>
          <Tab Label="Links">
            <Control Type="LinksControl" LabelPosition="Top" />
          </Tab>
          <Tab Label="File Attachments">
            <Control Type="AttachmentsControl" LabelPosition="Top" />
          </Tab>
        </TabGroup>
      </Layout>
    </FORM>
  </WORKITEMTYPE>
</witd:WITD>
