﻿<?xml version="1.0" encoding="utf-8"?>
<witd:WITD application="Work item type editor" version="1.0" xmlns:witd="http://schemas.microsoft.com/VisualStudio/2008/workitemtracking/typedef">
  <WORKITEMTYPE name="Test Case">
    <DESCRIPTION>Server-side data for a set of steps to be tested.</DESCRIPTION>
    <FIELDS>
      <FIELD name="Title" refname="System.Title" type="String" reportable="dimension">
        <HELPTEXT>Short description of the test case used to differentiate it in a list or report</HELPTEXT>
        <REQUIRED />
      </FIELD>
      <FIELD name="State" refname="System.State" type="String" reportable="dimension">
        <HELPTEXT>The workflow state of the test case</HELPTEXT>
      </FIELD>
      <FIELD name="Rev" refname="System.Rev" type="Integer" reportable="dimension" />
      <FIELD name="Changed By" refname="System.ChangedBy" type="String" syncnamechanges="true" reportable="dimension">
        <VALIDUSER />
        <ALLOWEXISTINGVALUE />
      </FIELD>
      <FIELD name="State Change Date" refname="Microsoft.VSTS.Common.StateChangeDate" type="DateTime">
        <WHENCHANGED field="System.State">
          <SERVERDEFAULT from="clock" />
        </WHENCHANGED>
        <WHENNOTCHANGED field="System.State">
          <READONLY />
        </WHENNOTCHANGED>
      </FIELD>
      <FIELD name="Activated Date" refname="Microsoft.VSTS.Common.ActivatedDate" type="DateTime" reportable="dimension">
        <WHENNOTCHANGED field="System.State">
          <READONLY />
        </WHENNOTCHANGED>
      </FIELD>
      <FIELD name="Activated By" refname="Microsoft.VSTS.Common.ActivatedBy" type="String" syncnamechanges="true" reportable="dimension">
        <WHENNOTCHANGED field="System.State">
          <READONLY />
        </WHENNOTCHANGED>
        <ALLOWEXISTINGVALUE />
      </FIELD>
      <FIELD name="Reason" refname="System.Reason" type="String" reportable="dimension">
        <HELPTEXT>The reason why the test case is in the current state</HELPTEXT>
      </FIELD>
      <FIELD name="Assigned To" refname="System.AssignedTo" type="String" syncnamechanges="true" reportable="dimension">
        <HELPTEXT>The person currently working on this test case</HELPTEXT>
        <VALIDUSER />
      </FIELD>
      <FIELD name="Closed Date" refname="Microsoft.VSTS.Common.ClosedDate" type="DateTime" reportable="dimension">
        <WHENNOTCHANGED field="System.State">
          <READONLY />
        </WHENNOTCHANGED>
      </FIELD>
      <FIELD name="Closed By" refname="Microsoft.VSTS.Common.ClosedBy" type="String" syncnamechanges="true" reportable="dimension">
        <WHENNOTCHANGED field="System.State">
          <READONLY />
        </WHENNOTCHANGED>
        <ALLOWEXISTINGVALUE />
      </FIELD>
      <FIELD name="Priority" refname="Microsoft.VSTS.Common.Priority" type="Integer" reportable="dimension">
        <HELPTEXT>Importance of this test case to the business goals of the product. 1=Most important.</HELPTEXT>
        <ALLOWEDVALUES expanditems="true">
          <LISTITEM value="1" />
          <LISTITEM value="2" />
          <LISTITEM value="3" />
          <LISTITEM value="4" />
        </ALLOWEDVALUES>
        <DEFAULT from="value" value="2" />
      </FIELD>
      <FIELD name="Created Date" refname="System.CreatedDate" type="DateTime" reportable="dimension" />
      <FIELD name="Created By" refname="System.CreatedBy" type="String" syncnamechanges="true" reportable="dimension" />
      <FIELD name="Steps" refname="Microsoft.VSTS.TCM.Steps" type="HTML">
        <HELPTEXT>Steps required to perform the test</HELPTEXT>
      </FIELD>
      <FIELD name="Description" refname="System.Description" type="PlainText" >
        <HELPTEXT>Purpose of this test; requirement tested</HELPTEXT>
      </FIELD>
      <FIELD name="History" refname="System.History" type="History">
        <HELPTEXT>Discussion thread and other historical information</HELPTEXT>
      </FIELD>
      <FIELD name="ExternalLinkCount" refname="System.ExternalLinkCount" type="Integer" />
      <FIELD name="RelatedLinkCount" refname="System.RelatedLinkCount" type="Integer" />
      <FIELD name="Team Project" refname="System.TeamProject" type="String" reportable="dimension" />
      <FIELD name="HyperLinkCount" refname="System.HyperLinkCount" type="Integer" />
      <FIELD name="AttachedFileCount" refname="System.AttachedFileCount" type="Integer" />
      <FIELD name="Node Name" refname="System.NodeName" type="String" />
      <FIELD name="Area Path" refname="System.AreaPath" type="TreePath" reportable="dimension">
        <HELPTEXT>The area of the product with which this test case is associated</HELPTEXT>
      </FIELD>
      <FIELD name="Iteration Path" refname="System.IterationPath" type="TreePath">
        <HELPTEXT>The iteration within which this bug will be fixed</HELPTEXT>
      </FIELD>
      <FIELD name="Revised Date" refname="System.RevisedDate" type="DateTime" reportable="detail" />
      <FIELD name="Changed Date" refname="System.ChangedDate" type="DateTime" reportable="dimension" />
      <FIELD name="ID" refname="System.Id" type="Integer" reportable="dimension" />
      <FIELD name="AreaID" refname="System.AreaId" type="Integer" />
      <FIELD name="Authorized As" refname="System.AuthorizedAs" type="String" />
      <FIELD name="AutomatedTestName" refname="Microsoft.VSTS.TCM.AutomatedTestName" type="String" >
        <HELPTEXT>The name of the test that automates this test case</HELPTEXT>
      </FIELD>
      <FIELD name="AutomatedTestStorage" refname="Microsoft.VSTS.TCM.AutomatedTestStorage" type="String" >
        <HELPTEXT>The assembly containing the test that automates this test case</HELPTEXT>
      </FIELD>
      <FIELD name="AutomatedTestId" refname="Microsoft.VSTS.TCM.AutomatedTestId" type="String" >
        <HELPTEXT>The ID of the test that automates this test case</HELPTEXT>
      </FIELD>
      <FIELD name="AutomatedTestType" refname="Microsoft.VSTS.TCM.AutomatedTestType" type="String" >
        <HELPTEXT>The type of the test that automates this test case</HELPTEXT>
      </FIELD>
      <FIELD name="Parameters" refname="Microsoft.VSTS.TCM.Parameters" type="HTML" />
      <FIELD name="LocalDataSource" refname="Microsoft.VSTS.TCM.LocalDataSource" type="HTML" />
      <FIELD reportable="dimension" type="String" name="Automation status" refname="Microsoft.VSTS.TCM.AutomationStatus">
        <WHEN field="Microsoft.VSTS.TCM.AutomatedTestId" value="">
          <ALLOWEDVALUES>
            <LISTITEM value="Not Automated" />
            <LISTITEM value="Planned" />
          </ALLOWEDVALUES>
          <DEFAULT from="value" value="Not Automated" />
        </WHEN>
        <WHENNOT field="Microsoft.VSTS.TCM.AutomatedTestId" value="">
          <ALLOWEDVALUES>
            <LISTITEM value="Automated" />
          </ALLOWEDVALUES>
          <COPY from="value" value="Automated" />
        </WHENNOT>
      </FIELD>
      <!-- **************** Team Build Integration Fields **************  -->
      <FIELD name="Integration Build" refname="Microsoft.VSTS.Build.IntegrationBuild" type="String" reportable="dimension">
        <HELPTEXT>The build in which the bug was fixed</HELPTEXT>
        <SUGGESTEDVALUES>
          <LISTITEM value="&lt;None&gt;" />
        </SUGGESTEDVALUES>
      </FIELD>
    </FIELDS>
    <WORKFLOW>
      <STATES>
        <STATE value="Ready">
          <FIELDS>
            <FIELD refname="Microsoft.VSTS.Common.ClosedDate">
              <EMPTY />
            </FIELD>
            <FIELD refname="Microsoft.VSTS.Common.ClosedBy">
              <EMPTY />
            </FIELD>
          </FIELDS>
        </STATE>
        <STATE value="Closed" />
        <STATE value="Design" />
      </STATES>
      <TRANSITIONS>
        <TRANSITION from="" to="Design">
          <REASONS>
            <DEFAULTREASON value="New" />
          </REASONS>
          <FIELDS>
            <FIELD refname="Microsoft.VSTS.Common.ActivatedBy">
              <COPY from="currentuser" />
              <VALIDUSER />
              <REQUIRED />
            </FIELD>
            <FIELD refname="Microsoft.VSTS.Common.ActivatedDate">
              <SERVERDEFAULT from="clock" />
            </FIELD>
            <FIELD refname="System.AssignedTo">
              <DEFAULT from="currentuser" />
            </FIELD>
          </FIELDS>
        </TRANSITION>
        <TRANSITION from="Design" to="Closed">
          <REASONS>
            <REASON value="Deferred" />
            <REASON value="Duplicate" />
            <DEFAULTREASON value="Obsolete" />
          </REASONS>
          <FIELDS>
            <FIELD refname="Microsoft.VSTS.Common.ActivatedDate">
              <READONLY />
            </FIELD>
            <FIELD refname="Microsoft.VSTS.Common.ActivatedBy">
              <READONLY />
            </FIELD>
            <FIELD refname="Microsoft.VSTS.Common.ClosedDate">
              <SERVERDEFAULT from="clock" />
            </FIELD>
            <FIELD refname="Microsoft.VSTS.Common.ClosedBy">
              <COPY from="currentuser" />
              <VALIDUSER />
              <REQUIRED />
            </FIELD>
          </FIELDS>
        </TRANSITION>
        <TRANSITION from="Design" to="Ready">
          <REASONS>
            <DEFAULTREASON value="Completed" />
          </REASONS>
        </TRANSITION>
        <TRANSITION from="Ready" to="Closed">
          <REASONS>
            <REASON value="Deferred" />
            <REASON value="Duplicate" />
            <DEFAULTREASON value="Obsolete" />
          </REASONS>
          <FIELDS>
            <FIELD refname="Microsoft.VSTS.Common.ActivatedDate">
              <READONLY />
            </FIELD>
            <FIELD refname="Microsoft.VSTS.Common.ActivatedBy">
              <READONLY />
            </FIELD>
            <FIELD refname="Microsoft.VSTS.Common.ClosedDate">
              <SERVERDEFAULT from="clock" />
            </FIELD>
            <FIELD refname="Microsoft.VSTS.Common.ClosedBy">
              <COPY from="currentuser" />
              <VALIDUSER />
              <REQUIRED />
            </FIELD>
          </FIELDS>
        </TRANSITION>
        <TRANSITION from="Ready" to="Design">
          <REASONS>
            <DEFAULTREASON value="Update Test Case" />
          </REASONS>
        </TRANSITION>
        <TRANSITION from="Closed" to="Design">
          <REASONS>
            <DEFAULTREASON value="Reactivated" />
          </REASONS>
          <FIELDS>
            <FIELD refname="Microsoft.VSTS.Common.ActivatedBy">
              <COPY from="currentuser" />
              <VALIDUSER />
              <REQUIRED />
            </FIELD>
            <FIELD refname="Microsoft.VSTS.Common.ActivatedDate">
              <SERVERDEFAULT from="clock" />
            </FIELD>
          </FIELDS>
        </TRANSITION>
        <TRANSITION from="Closed" to="Ready">
          <REASONS>
            <DEFAULTREASON value="Reactivated" />
          </REASONS>
          <FIELDS>
            <FIELD refname="Microsoft.VSTS.Common.ActivatedBy">
              <COPY from="currentuser" />
              <VALIDUSER />
              <REQUIRED />
            </FIELD>
            <FIELD refname="Microsoft.VSTS.Common.ActivatedDate">
              <SERVERDEFAULT from="clock" />
            </FIELD>
          </FIELDS>
        </TRANSITION>
      </TRANSITIONS>
    </WORKFLOW>
    <FORM>
      <Layout>
        <Group>
          <Column PercentWidth="100">
            <Control FieldName="System.Title" Type="FieldControl" Label="&amp;Title:" LabelPosition="Left" />
          </Column>
        </Group>
        <Group>
          <Column PercentWidth="50">
            <Group Label="Status">
              <Column PercentWidth="100">
                <Control FieldName="System.AssignedTo" Type="FieldControl" Label="Assi&amp;gned To:" LabelPosition="Left" />
                <Control FieldName="System.State" Type="FieldControl" Label="&amp;State:" LabelPosition="Left" />
                <Control FieldName="Microsoft.VSTS.Common.Priority" Type="FieldControl" Label="&amp;Priority:" LabelPosition="Left" />
                <Control FieldName="Microsoft.VSTS.TCM.AutomationStatus" Type="FieldControl" Label="A&amp;utomation Status:" LabelPosition="Left" />
              </Column>
            </Group>
          </Column>
          <Column PercentWidth="50">
            <Group Label="Classification">
              <Column PercentWidth="100">
                <Control FieldName="System.AreaPath" Type="WorkItemClassificationControl" Label="&amp;Area:" LabelPosition="Left" />
                <Control FieldName="System.IterationPath" Type="WorkItemClassificationControl" Label="&amp;Iteration:" LabelPosition="Left" />
              </Column>
            </Group>
          </Column>
        </Group>
        <TabGroup Margin="(0,10,0,0)">
          <Tab Label="Steps">
            <Control FieldName="Microsoft.VSTS.TCM.Steps" Type="TestStepsControl" LabelPosition="Top" Dock="Fill" />
          </Tab>
          <Tab Label="Summary">
            <Group>
              <Column PercentWidth="50">
                <Control FieldName="System.Description" Type="HtmlFieldControl" Label="&amp;Description:" LabelPosition="Top" Dock="Fill" />
              </Column>
              <Column PercentWidth="50">
                <Control FieldName="System.History" Type="WorkItemLogControl" Label="&amp;History:" LabelPosition="Top" Dock="Fill" />
              </Column>
            </Group>
          </Tab>
          <Tab Label="Tested User Stories">
            <Control Type="LinksControl" Name="Tested" Label="User Stories tested by this Test Case" LabelPosition="Top">
              <LinksControlOptions>
                <WorkItemLinkFilters FilterType="include">
                  <Filter LinkType="Microsoft.VSTS.Common.TestedBy" FilterOn="reversename"/>
                </WorkItemLinkFilters>
                <WorkItemTypeFilters FilterType="include">
                  <Filter WorkItemType="User Story" />
                </WorkItemTypeFilters>
                <ExternalLinkFilters FilterType="excludeAll"/>
                <LinkColumns>
                  <LinkColumn RefName="System.ID" />
                  <LinkColumn RefName="System.WorkItemType" />
                  <LinkColumn RefName="System.Title" />
                  <LinkColumn RefName="System.AssignedTo" />
                  <LinkColumn RefName="System.State" />
                  <LinkColumn LinkAttribute="System.Links.Comment" />
                </LinkColumns>
              </LinksControlOptions>
            </Control>
          </Tab>
          <Tab Label="All Links">
                <Control Type="LinksControl" Name="GeneralLinks">
                  <LinksControlOptions>
                    <LinkColumns>
                      <LinkColumn RefName="System.ID" />
                      <LinkColumn RefName="System.WorkItemType" />
                      <LinkColumn RefName="System.Title" />
                      <LinkColumn RefName="System.AssignedTo" />
                      <LinkColumn RefName="System.State" />
                      <LinkColumn LinkAttribute="System.Links.Comment" />
                    </LinkColumns>
                  </LinksControlOptions>
                </Control>
          </Tab>
          <Tab Label="Attachments">
            <Control Type="AttachmentsControl" LabelPosition="Top" />
          </Tab>
          <Tab Label="Associated Automation">
            <Control Type="AssociatedAutomationControl" LabelPosition="Top" Dock="Fill" />
          </Tab>
        </TabGroup>
      </Layout>
    </FORM>
  </WORKITEMTYPE>
</witd:WITD>

