﻿<?xml version="1.0" encoding="utf-8"?>
<witd:WITD application="Work item type editor" version="1.0" xmlns:witd="http://schemas.microsoft.com/VisualStudio/2008/workitemtracking/typedef">
  <WORKITEMTYPE name="Scenario">
    <DESCRIPTION>Includes information to track the scenario through the MSF Agile lifecycle</DESCRIPTION>
    <FIELDS>

      <!-- New fields for Agile Planning Workbooks -->

      <FIELD name="Story Points" refname="Microsoft.VSTS.Scheduling.StoryPoints" type="Double" reportable="measure" formula="sum">
          <HELPTEXT>The size of work estimated for implementing this user story</HELPTEXT>
      </FIELD>

      <!-- End new fields for Agile Planning Workbooks -->

      <FIELD name="Title" refname="System.Title" type="String" reportable="dimension">
        <HELPTEXT>Short description of the scenario used to differentiate it in a list or report</HELPTEXT>
        <REQUIRED />
      </FIELD>
      <FIELD name="State" refname="System.State" type="String" reportable="dimension">
        <HELPTEXT>The workflow state of the scenario</HELPTEXT>
      </FIELD>
      <FIELD name="Rev" refname="System.Rev" type="Integer" reportable="dimension" />
      <FIELD name="Changed By" refname="System.ChangedBy" type="String" syncnamechanges="true" reportable="dimension">
        <VALIDUSER />
      </FIELD>
      <FIELD name="Issue" refname="Microsoft.VSTS.Common.Issue" type="String" reportable="dimension">
        <HELPTEXT>Used to highlight a scenario, e.g., to mark it as an issue</HELPTEXT>
        <REQUIRED />
        <ALLOWEDVALUES expanditems="true">
          <LISTITEM value="Yes" />
          <LISTITEM value="No" />
        </ALLOWEDVALUES>
        <DEFAULT from="value" value="No" />
      </FIELD>
      <FIELD name="State Change Date" refname="Microsoft.VSTS.Common.StateChangeDate" type="DateTime">
        <WHENCHANGED field="System.State">
          <SERVERDEFAULT from="clock" />
        </WHENCHANGED>
        <WHENNOTCHANGED field="System.State">
          <READONLY />
        </WHENNOTCHANGED>
      </FIELD>
      <FIELD name="Activated Date" refname="Microsoft.VSTS.Common.ActivatedDate" type="DateTime" reportable="dimension">
        <WHENNOTCHANGED field="System.State">
          <READONLY />
        </WHENNOTCHANGED>
      </FIELD>
      <FIELD name="Activated By" refname="Microsoft.VSTS.Common.ActivatedBy" type="String" syncnamechanges="true" reportable="dimension">
        <WHENNOTCHANGED field="System.State">
          <READONLY />
        </WHENNOTCHANGED>
      </FIELD>
      <FIELD name="Resolved Date" refname="Microsoft.VSTS.Common.ResolvedDate" type="DateTime" reportable="dimension">
        <WHENNOTCHANGED field="System.State">
          <READONLY />
        </WHENNOTCHANGED>
      </FIELD>
      <FIELD name="Reason" refname="System.Reason" type="String" reportable="dimension">
        <HELPTEXT>The reason why the scenario is in the current state</HELPTEXT>
      </FIELD>
      <FIELD name="Iteration Path" refname="System.IterationPath" type="TreePath" reportable="dimension">
        <HELPTEXT>The iteration of the product with which this scenario is associated</HELPTEXT>
      </FIELD>
      <FIELD name="IterationID" refname="System.IterationId" type="Integer" />
      <FIELD name="Assigned To" refname="System.AssignedTo" type="String" syncnamechanges="true" reportable="dimension">
        <VALIDUSER />
      </FIELD>
      <FIELD name="Work Item Type" refname="System.WorkItemType" type="String" reportable="dimension" />
      <FIELD name="Closed By" refname="Microsoft.VSTS.Common.ClosedBy" type="String" syncnamechanges="true" reportable="dimension">
        <WHENNOTCHANGED field="System.State">
          <READONLY />
        </WHENNOTCHANGED>
      </FIELD>
      <FIELD name="Rank" refname="Microsoft.VSTS.Common.Rank" type="String" reportable="dimension">
        <HELPTEXT>Stack rank used to prioritize work</HELPTEXT>
      </FIELD>
      <FIELD name="Closed Date" refname="Microsoft.VSTS.Common.ClosedDate" type="DateTime" reportable="dimension">
        <WHENNOTCHANGED field="System.State">
          <READONLY />
        </WHENNOTCHANGED>
      </FIELD>
      <FIELD name="Resolved By" refname="Microsoft.VSTS.Common.ResolvedBy" type="String" syncnamechanges="true" reportable="dimension">
        <WHENNOTCHANGED field="System.State">
          <READONLY />
        </WHENNOTCHANGED>
      </FIELD>
      <FIELD name="Created Date" refname="System.CreatedDate" type="DateTime" reportable="dimension" />
      <FIELD name="Created By" refname="System.CreatedBy" type="String" syncnamechanges="true" reportable="dimension" />
      <FIELD name="Integration Build" refname="Microsoft.VSTS.Build.IntegrationBuild" type="String" reportable="dimension">
        <HELPTEXT>The build in which the scenario was completed</HELPTEXT>
        <SUGGESTEDVALUES expanditems="true">
          <LISTITEM value="&lt;None&gt;" />
        </SUGGESTEDVALUES>
      </FIELD>
      <FIELD name="Exit Criteria" refname="Microsoft.VSTS.Common.ExitCriteria" type="String" reportable="dimension">
        <HELPTEXT>Flag to determine if this scenario should be tracked as an exit criteria for the iteration</HELPTEXT>
        <REQUIRED />
        <ALLOWEDVALUES expanditems="true">
          <LISTITEM value="Yes" />
          <LISTITEM value="No" />
        </ALLOWEDVALUES>
        <DEFAULT from="value" value="No" />
      </FIELD>
      <FIELD name="Start Date" refname="Microsoft.VSTS.Scheduling.StartDate" type="DateTime" reportable="dimension">
        <HELPTEXT>The start date of the iteration in which the work item is assigned</HELPTEXT>
      </FIELD>
      <FIELD name="Finish Date" refname="Microsoft.VSTS.Scheduling.FinishDate" type="DateTime" reportable="dimension">
        <HELPTEXT>The finish date of the iteration in which the work item is assigned</HELPTEXT>
      </FIELD>
      <FIELD name="Rough Order of Magnitude" refname="Microsoft.VSTS.Common.RoughOrderOfMagnitude" type="Integer" reportable="dimension">
        <HELPTEXT>A rough estimate of the cost of the work item based on its technical complexity</HELPTEXT>
        <ALLOWEDVALUES expanditems="true">
          <LISTITEM value="1" />
          <LISTITEM value="2" />
          <LISTITEM value="3" />
          <LISTITEM value="0" />
        </ALLOWEDVALUES>
        <DEFAULT from="value" value="1" />
      </FIELD>
      <FIELD name="Description" refname="System.Description" type="PlainText" />
      <FIELD name="History" refname="System.History" type="History">
        <HELPTEXT>Discussion thread and other historical information</HELPTEXT>
      </FIELD>
      <FIELD name="ExternalLinkCount" refname="System.ExternalLinkCount" type="Integer" />
      <FIELD name="RelatedLinkCount" refname="System.RelatedLinkCount" type="Integer" />
      <FIELD name="Team Project" refname="System.TeamProject" type="String" reportable="dimension" />
      <FIELD name="HyperLinkCount" refname="System.HyperLinkCount" type="Integer" />
      <FIELD name="AttachedFileCount" refname="System.AttachedFileCount" type="Integer" />
      <FIELD name="Node Name" refname="System.NodeName" type="String" />
      <FIELD name="Area Path" refname="System.AreaPath" type="TreePath" reportable="dimension">
        <HELPTEXT>The area of the product with which this scenario is associated</HELPTEXT>
      </FIELD>
      <FIELD name="Revised Date" refname="System.RevisedDate" type="DateTime" reportable="detail" />
      <FIELD name="Changed Date" refname="System.ChangedDate" type="DateTime" reportable="dimension" />
      <FIELD name="ID" refname="System.Id" type="Integer" reportable="dimension" />
      <FIELD name="AreaID" refname="System.AreaId" type="Integer" />
      <FIELD name="Authorized As" refname="System.AuthorizedAs" type="String" syncnamechanges="true" />
    </FIELDS>
    <WORKFLOW>
      <STATES>
        <STATE value="Active">
          <FIELDS>
            <FIELD refname="Microsoft.VSTS.Common.ResolvedDate">
              <EMPTY />
            </FIELD>
            <FIELD refname="Microsoft.VSTS.Common.ResolvedBy">
              <EMPTY />
            </FIELD>
            <FIELD refname="Microsoft.VSTS.Common.ClosedDate">
              <EMPTY />
            </FIELD>
            <FIELD refname="Microsoft.VSTS.Common.ClosedBy">
              <EMPTY />
            </FIELD>
          </FIELDS>
        </STATE>
        <STATE value="Resolved">
          <FIELDS>
            <FIELD refname="Microsoft.VSTS.Common.ClosedDate">
              <EMPTY />
            </FIELD>
            <FIELD refname="Microsoft.VSTS.Common.ClosedBy">
              <EMPTY />
            </FIELD>
          </FIELDS>
        </STATE>
        <STATE value="Closed" />
      </STATES>
      <TRANSITIONS>
        <TRANSITION from="" to="Active">
          <REASONS>
            <DEFAULTREASON value="New" />
          </REASONS>
          <FIELDS>
            <FIELD refname="Microsoft.VSTS.Common.ActivatedBy">
              <COPY from="currentuser" />
              <VALIDUSER />
              <REQUIRED />
            </FIELD>
            <FIELD refname="Microsoft.VSTS.Common.ActivatedDate">
              <SERVERDEFAULT from="clock" />
            </FIELD>
            <FIELD refname="System.AssignedTo">
              <DEFAULT from="currentuser" />
            </FIELD>
          </FIELDS>
        </TRANSITION>
        <TRANSITION from="Active" to="Resolved">
          <REASONS>
            <DEFAULTREASON value="Completed" />
            <REASON value="Deferred" />
            <REASON value="Removed" />
            <REASON value="Split" />
          </REASONS>
          <FIELDS>
            <FIELD refname="System.AssignedTo">
              <COPY from="field" field="System.CreatedBy" />
            </FIELD>
            <FIELD refname="Microsoft.VSTS.Common.ActivatedDate">
              <READONLY />
            </FIELD>
            <FIELD refname="Microsoft.VSTS.Common.ActivatedBy">
              <READONLY />
            </FIELD>
            <FIELD refname="Microsoft.VSTS.Common.ResolvedBy">
              <COPY from="currentuser" />
              <VALIDUSER />
              <REQUIRED />
            </FIELD>
            <FIELD refname="Microsoft.VSTS.Common.ResolvedDate">
              <SERVERDEFAULT from="clock" />
            </FIELD>
          </FIELDS>
        </TRANSITION>
        <TRANSITION from="Resolved" to="Active">
          <REASONS>
            <DEFAULTREASON value="Test Failed" />
          </REASONS>
          <FIELDS>
            <FIELD refname="Microsoft.VSTS.Common.ActivatedBy">
              <COPY from="currentuser" />
              <VALIDUSER />
              <REQUIRED />
            </FIELD>
            <FIELD refname="Microsoft.VSTS.Common.ActivatedDate">
              <SERVERDEFAULT from="clock" />
            </FIELD>
            <FIELD refname="System.AssignedTo">
              <COPY from="field" field="Microsoft.VSTS.Common.ResolvedBy" />
            </FIELD>
          </FIELDS>
        </TRANSITION>
        <TRANSITION from="Resolved" to="Closed">
          <REASONS>
            <DEFAULTREASON value="Completed" />
            <REASON value="Deferred" />
            <REASON value="Removed" />
            <REASON value="Split" />
          </REASONS>
          <FIELDS>
            <FIELD refname="Microsoft.VSTS.Common.ActivatedDate">
              <READONLY />
            </FIELD>
            <FIELD refname="Microsoft.VSTS.Common.ActivatedBy">
              <READONLY />
            </FIELD>
            <FIELD refname="Microsoft.VSTS.Common.ResolvedDate">
              <READONLY />
            </FIELD>
            <FIELD refname="Microsoft.VSTS.Common.ResolvedBy">
              <READONLY />
            </FIELD>
            <FIELD refname="Microsoft.VSTS.Common.ClosedDate">
              <SERVERDEFAULT from="clock" />
            </FIELD>
            <FIELD refname="Microsoft.VSTS.Common.ClosedBy">
              <COPY from="currentuser" />
              <VALIDUSER />
              <REQUIRED />
            </FIELD>
          </FIELDS>
        </TRANSITION>
        <TRANSITION from="Closed" to="Active">
          <REASONS>
            <DEFAULTREASON value="Reactivated" />
          </REASONS>
          <FIELDS>
            <FIELD refname="Microsoft.VSTS.Common.ActivatedBy">
              <COPY from="currentuser" />
              <VALIDUSER />
              <REQUIRED />
            </FIELD>
            <FIELD refname="Microsoft.VSTS.Common.ActivatedDate">
              <SERVERDEFAULT from="clock" />
            </FIELD>
            <FIELD refname="System.AssignedTo">
              <COPY from="field" field="Microsoft.VSTS.Common.ResolvedBy" />
            </FIELD>
          </FIELDS>
        </TRANSITION>
      </TRANSITIONS>
    </WORKFLOW>
    <FORM>
      <!-- Guidelines for updating the form section
     1) All labels should have mnemonics (you must use &amp; not just &)
     2) No mnemonics on Tabs or Group Boxes
     3) Labels must use sentence casing (i.e. "Assigned to:" is correct; "Assigned To:" is wrong)
     4) No colons in Group Boxes
     5) Label names should match the field name in whole or in part. They should not be completely different.
     6) Do not use the same mnemonics on two labels
     
     The following mnemonics are common to MSF Agile work items:
     T -> Title
     A -> Area
     I -> Iteration
     G -> Assigned to
     S -> State
     R -> Reason
     H -> Comment and history
     U -> Issue
     B -> Integration build
     C -> Description
     O -> Rough Order of Magnitude
     E -> Start Date
     F -> Finish Date
     
     The following mnemonics are also used on this work item type
     K -> Rank
     C -> Specified
     X -> Exit criteria
     W -> Remaining work
     P -> Completed work
   -->
      <Layout>
        <Group>
          <Column PercentWidth="100">
            <Control Type="FieldControl" FieldName="System.Title" Label="&amp;Title:" LabelPosition="Left" />
          </Column>
        </Group>
        <Group Label="Classification">
          <Column PercentWidth="100">
            <Control Type="WorkItemClassificationControl" FieldName="System.AreaPath" Label="&amp;Area:" LabelPosition="Left" />
            <Control Type="WorkItemClassificationControl" FieldName="System.IterationPath" Label="&amp;Iteration:" LabelPosition="Left" />
          </Column>
        </Group>
        <Group Label="Status">
          <Column PercentWidth="50">
            <Control Type="FieldControl" FieldName="System.AssignedTo" Label="Assi&amp;gned to:" LabelPosition="Left" />
            <Control Type="FieldControl" FieldName="Microsoft.VSTS.Common.Rank" Label="Ran&amp;k:" LabelPosition="Left" NumberFormat="WholeNumbers" MaxLength="10" />

            <!-- New controls for Agile Planning Workbook -->

            <Control FieldName="Microsoft.VSTS.Scheduling.StoryPoints" Type="FieldControl" Label="Story Points:" LabelPosition="Left" />

            <!-- End new controls for Agile Planning Workbook -->

          </Column>
          <Column PercentWidth="50">
            <Control Type="FieldControl" FieldName="System.State" Label="&amp;State:" LabelPosition="Left" />
            <Control Type="FieldControl" FieldName="System.Reason" Label="&amp;Reason:" LabelPosition="Left" />
          </Column>
        </Group>
        <TabGroup>
          <Tab Label="Description">
            <Control Type="HtmlFieldControl" FieldName="System.Description" Label="Des&amp;cription:" LabelPosition="Top" Dock="Fill" />
          </Tab>

	<!-- New Controls for Test Case Management -->

                  <Tab Label="Test Cases" >
                        <Control Type="LinksControl" Name="TestedBy" Label="Test &amp;Cases testing this Story:" LabelPosition="Top">
                            <LinksControlOptions>
                                <WorkItemLinkFilters FilterType="include">
                                    <Filter LinkType="Microsoft.VSTS.Common.TestedBy" FilterOn="forwardname" />
                                </WorkItemLinkFilters>
                                <WorkItemTypeFilters FilterType="include">
                                    <Filter WorkItemType="Test Case" />
                                </WorkItemTypeFilters>
                                <ExternalLinkFilters FilterType="excludeAll"/>
                                <LinkColumns>
                                    <LinkColumn RefName="System.ID" />
                                    <LinkColumn RefName="System.WorkItemType" />
                                    <LinkColumn RefName="System.Title" />
                                    <LinkColumn RefName="System.AssignedTo" />
                                    <LinkColumn RefName="System.State" />
                                    <LinkColumn LinkAttribute="System.Links.Comment" />
                                </LinkColumns>
                            </LinksControlOptions>
                        </Control>
                   </Tab>
                   <Tab Label="Other Links" >
                       <Group>
                           <Column PercentWidth="100">
                               <Control Type="LinksControl" Name="GeneralLinks">
                                   <LinksControlOptions>
                                       <WorkItemLinkFilters FilterType="exclude">
                                           <Filter LinkType="System.LinkTypes.Hierarchy"   />
                                           <Filter LinkType="Microsoft.VSTS.Common.TestedBy" />
                                           <Filter LinkType="Microsoft.VSTS.TestCase.SharedStepReferencedBy" />
                                       </WorkItemLinkFilters>
                                       <LinkColumns>
                                           <LinkColumn RefName="System.ID" />
                                           <LinkColumn RefName="System.WorkItemType" />
                                           <LinkColumn RefName="System.Title" />
                                           <LinkColumn RefName="System.AssignedTo" />
                                           <LinkColumn RefName="System.State" />
                                           <LinkColumn LinkAttribute="System.Links.Comment" />
                                       </LinkColumns>
                                   </LinksControlOptions>
                               </Control>
                           </Column>
                       </Group>
                   </Tab>


	<!-- End New Controls for Test Case Management -->


          <Tab Label="History">
            <Control Type="WorkItemLogControl" FieldName="System.History" Label="&amp;History:" LabelPosition="Top" Dock="Fill" />
          </Tab>
          <Tab Label="Links">
            <Control Type="LinksControl" />
          </Tab>
          <Tab Label="File Attachments">
            <Control Type="AttachmentsControl" />
          </Tab>
          <Tab Label="Details">
            <Group>
              <Column PercentWidth="50">
                <Group Label="General">
                  <Column PercentWidth="100">
                    <Control Type="FieldControl" FieldName="Microsoft.VSTS.Common.Issue" Label="Iss&amp;ue:" LabelPosition="Left" />
                    <Control Type="FieldControl" FieldName="Microsoft.VSTS.Common.ExitCriteria" Label="E&amp;xit criteria:" LabelPosition="Left" />
                    <Control Type="FieldControl" FieldName="Microsoft.VSTS.Build.IntegrationBuild" Label="Integration &amp;build:" LabelPosition="Left" />
                  </Column>
                </Group>
              </Column>
              <Column PercentWidth="50">
                <Group Label="Schedule">
                  <Column PercentWidth="100">
                    <Control Type="FieldControl" FieldName="Microsoft.VSTS.Common.RoughOrderOfMagnitude" Label="Rough &amp;Order of Magnitude:" LabelPosition="Left" NumberFormat="WholeNumbers" MaxLength="10" />
                    <Control Type="FieldControl" FieldName="Microsoft.VSTS.Scheduling.StartDate" Label="Start Dat&amp;e:" LabelPosition="Left" ReadOnly="True" />
                    <Control Type="FieldControl" FieldName="Microsoft.VSTS.Scheduling.FinishDate" Label="&amp;Finish Date:" LabelPosition="Left" ReadOnly="True" />
                  </Column>
                </Group>
              </Column>
            </Group>
          </Tab>
        </TabGroup>
      </Layout>
    </FORM>
  </WORKITEMTYPE>
</witd:WITD>